DATE,CORESTICKM159SFRBATL
1968-02-04,3.65186106
1968-02-11,3.65735064775
1968-02-18,3.6628402355
1968-02-25,3.66832982325
1968-03-03,3.673819411
1968-03-10,3.790905552
1968-03-17,3.907991693
1968-03-24,4.025077834
1968-03-31,4.142163975
1968-04-07,4.144896799
1968-04-14,4.147629623
1968-04-21,4.150362447
1968-04-28,4.153095271000001
1968-05-05,4.155828095
1968-05-12,4.138932430500001
1968-05-19,4.122036766000001
1968-05-26,4.1051411015
1968-06-02,4.088245437
1968-06-09,4.2025764145
1968-06-16,4.316907392
1968-06-23,4.4312383695
1968-06-30,4.545569347
1968-07-07,4.5870707444
1968-07-14,4.6285721418
1968-07-21,4.6700735392
1968-07-28,4.7115749366
1968-08-04,4.753076334
1968-08-11,4.8014589005
1968-08-18,4.849841467
1968-08-25,4.8982240335
1968-09-01,4.9466066
1968-09-08,4.9469346758
1968-09-15,4.9472627516
1968-09-22,4.9475908274
1968-09-29,4.947918903200001
1968-10-06,4.948246979
1968-10-13,5.006833321
1968-10-20,5.065419663
1968-10-27,5.124006005
1968-11-03,5.182592347
1968-11-10,5.23679124625
1968-11-17,5.2909901455
1968-11-24,5.34518904475
1968-12-01,5.399387944
1968-12-08,5.4607799238
1968-12-15,5.522171903599999
1968-12-22,5.5835638834
1968-12-29,5.6449558632
1969-01-05,5.706347843
1969-01-12,5.7163101224999995
1969-01-19,5.726272401999999
1969-01-26,5.7362346815
1969-02-02,5.746196961
1969-02-09,5.7471367385
1969-02-16,5.748076515999999
1969-02-23,5.7490162934999995
1969-03-02,5.749956071
1969-03-09,5.824996426599999
1969-03-16,5.9000367822
1969-03-23,5.9750771378
1969-03-30,6.0501174934
1969-04-06,6.125157849
1969-04-13,6.220273492
1969-04-20,6.315389135
1969-04-27,6.410504778
1969-05-04,6.505620421
1969-05-11,6.57437380925
1969-05-18,6.6431271975
1969-05-25,6.7118805857499995
1969-06-01,6.780633974
1969-06-08,6.6997003801999995
1969-06-15,6.6187667864
1969-06-22,6.5378331926
1969-06-29,6.456899598800001
1969-07-06,6.375966005
1969-07-13,6.379291659000001
1969-07-20,6.382617313000001
1969-07-27,6.385942967
1969-08-03,6.389268621
1969-08-10,6.39563809025
1969-08-17,6.4020075595
1969-08-24,6.40837702875
1969-08-31,6.414746498
1969-09-07,6.4987488582
1969-09-14,6.5827512184
1969-09-21,6.6667535786
1969-09-28,6.7507559388
1969-10-05,6.834758299
1969-10-12,6.76609530825
1969-10-19,6.6974323175
1969-10-26,6.62876932675
1969-11-02,6.560106336
1969-11-09,6.529427385749999
1969-11-16,6.4987484355
1969-11-23,6.46806948525
1969-11-30,6.437390535
1969-12-07,6.4303451896
1969-12-14,6.4232998442
1969-12-21,6.4162544988
1969-12-28,6.4092091534
1970-01-04,6.402163808
1970-01-11,6.4497153595
1970-01-18,6.4972669110000005
1970-01-25,6.5448184625
1970-02-01,6.592370014
1970-02-08,6.70772899225
1970-02-15,6.8230879705
1970-02-22,6.93844694875
1970-03-01,7.053805927
1970-03-08,7.0416639662
1970-03-15,7.0295220054
1970-03-22,7.0173800446
1970-03-29,7.0052380838
1970-04-05,6.993096123
1970-04-12,6.9492816205
1970-04-19,6.905467118
1970-04-26,6.8616526155
1970-05-03,6.817838113
1970-05-10,6.8503122675
1970-05-17,6.882786422
1970-05-24,6.9152605765
1970-05-31,6.947734731
1970-06-07,6.988582753599999
1970-06-14,7.0294307762
1970-06-21,7.0702787987999995
1970-06-28,7.1111268214
1970-07-05,7.151974844
1970-07-12,7.1159500504999995
1970-07-19,7.079925256999999
1970-07-26,7.0439004635
1970-08-02,7.00787567
1970-08-09,7.029274993
1970-08-16,7.050674315999999
1970-08-23,7.072073639
1970-08-30,7.093472962
1970-09-06,7.114872285
1970-09-13,7.106469973499999
1970-09-20,7.098067662
1970-09-27,7.089665350500001
1970-10-04,7.081263039
1970-10-11,7.075356843
1970-10-18,7.069450647
1970-10-25,7.063544451
1970-11-01,7.057638255
1970-11-08,7.1116346168
1970-11-15,7.1656309786
1970-11-22,7.2196273404
1970-11-29,7.2736237022
1970-12-06,7.327620064
1970-12-13,7.3313853725
1970-12-20,7.335150681
1970-12-27,7.3389159895
1971-01-03,7.342681298
1971-01-10,7.260725476499999
1971-01-17,7.178769655
1971-01-24,7.096813833500001
1971-01-31,7.014858012
1971-02-07,6.843544753750001
1971-02-14,6.6722314955
1971-02-21,6.50091823725
1971-02-28,6.329604979
1971-03-07,6.1640056772
1971-03-14,5.9984063754
1971-03-21,5.8328070736
1971-03-28,5.6672077718
1971-04-04,5.50160847
1971-04-11,5.452769051
1971-04-18,5.4039296320000005
1971-04-25,5.355090213
1971-05-02,5.306250794
1971-05-09,5.2570564826
1971-05-16,5.2078621712
1971-05-23,5.1586678597999995
1971-05-30,5.1094735484
1971-06-06,5.060279237
1971-06-13,5.105009353
1971-06-20,5.149739469
1971-06-27,5.194469585
1971-07-04,5.239199701
1971-07-11,5.220660825
1971-07-18,5.202121949
1971-07-25,5.183583073
1971-08-01,5.165044197
1971-08-08,5.114759519800001
1971-08-15,5.0644748426
1971-08-22,5.0141901654000005
1971-08-29,4.9639054882
1971-09-05,4.913620811
1971-09-12,4.85331193525
1971-09-19,4.7930030595
1971-09-26,4.7326941837500005
1971-10-03,4.672385308
1971-10-10,4.59843312925
1971-10-17,4.5244809505
1971-10-24,4.45052877175
1971-10-31,4.376576593
1971-11-07,4.2918920542
1971-11-14,4.2072075154
1971-11-21,4.1225229766
1971-11-28,4.0378384378000005
1971-12-05,3.953153899
1971-12-12,3.8841800015
1971-12-19,3.815206104
1971-12-26,3.7462322065
1972-01-02,3.677258309
1972-01-09,3.687462741
1972-01-16,3.697667173
1972-01-23,3.707871605
1972-01-30,3.718076037
1972-02-06,3.728280469
1972-02-13,3.7565860935
1972-02-20,3.784891718
1972-02-27,3.8131973424999996
1972-03-05,3.841502967
1972-03-12,3.8956062885
1972-03-19,3.94970961
1972-03-26,4.0038129315
1972-04-02,4.057916253
1972-04-09,4.03628794575
1972-04-16,4.0146596384999995
1972-04-23,3.99303133125
1972-04-30,3.971403024
1972-05-07,3.9498951028
1972-05-14,3.9283871815999998
1972-05-21,3.9068792604
1972-05-28,3.8853713392
1972-06-04,3.863863418
1972-06-11,3.77004505325
1972-06-18,3.6762266885
1972-06-25,3.58240832375
1972-07-02,3.488589959
1972-07-09,3.4843401382
1972-07-16,3.4800903174
1972-07-23,3.4758404966
1972-07-30,3.4715906758000004
1972-08-06,3.467340855
1972-08-13,3.44203791175
1972-08-20,3.4167349685
1972-08-27,3.3914320252500003
1972-09-03,3.366129082
1972-09-10,3.3057783615
1972-09-17,3.245427641
1972-09-24,3.1850769205000002
1972-10-01,3.1247262
1972-10-08,3.1660092082
1972-10-15,3.2072922164
1972-10-22,3.2485752246
1972-10-29,3.2898582328
1972-11-05,3.331141241
1972-11-12,3.3154899165
1972-11-19,3.299838592
1972-11-26,3.2841872675
1972-12-03,3.268535943
1972-12-10,3.2383561595
1972-12-17,3.208176376
1972-12-24,3.1779965925
1972-12-31,3.147816809
1973-01-07,3.0868139814
1973-01-14,3.0258111538
1973-01-21,2.9648083262
1973-01-28,2.9038054985999997
1973-02-04,2.842802671
1973-02-11,2.8523876895
1973-02-18,2.8619727079999997
1973-02-25,2.8715577265
1973-03-04,2.881142745
1973-03-11,2.89320059275
1973-03-18,2.9052584405
1973-03-25,2.91731628825
1973-04-01,2.929374136
1973-04-08,2.9498399258
1973-04-15,2.9703057156
1973-04-22,2.9907715054
1973-04-29,3.0112372952
1973-05-06,3.031703085
1973-05-13,3.0676331155
1973-05-20,3.103563146
1973-05-27,3.1394931765000003
1973-06-03,3.175423207
1973-06-10,3.15625332225
1973-06-17,3.1370834375000003
1973-06-24,3.11791355275
1973-07-01,3.098743668
1973-07-08,3.0816588772
1973-07-15,3.0645740864
1973-07-22,3.0474892956
1973-07-29,3.0304045048
1973-08-05,3.013319714
1973-08-12,3.0906680825
1973-08-19,3.1680164509999997
1973-08-26,3.2453648194999998
1973-09-02,3.322713188
1973-09-09,3.4781868714999997
1973-09-16,3.6336605549999996
1973-09-23,3.7891342385
1973-09-30,3.944607922
1973-10-07,4.1087339666
1973-10-14,4.2728600112
1973-10-21,4.436986055799999
1973-10-28,4.6011121004
1973-11-04,4.765238145
1973-11-11,4.80587723425
1973-11-18,4.8465163234999995
1973-11-25,4.88715541275
1973-12-02,4.927794502
1973-12-09,5.0038474976
1973-12-16,5.0799004932
1973-12-23,5.1559534888
1973-12-30,5.2320064844
1974-01-06,5.30805948
1974-01-13,5.4424888414999995
1974-01-20,5.576918203
1974-01-27,5.7113475645000005
1974-02-03,5.845776926
1974-02-10,5.9572172235
1974-02-17,6.068657521
1974-02-24,6.1800978185
1974-03-03,6.291538116
1974-03-10,6.42269427025
1974-03-17,6.5538504245
1974-03-24,6.6850065787499995
1974-03-31,6.816162733
1974-04-07,6.8738744176
1974-04-14,6.9315861022
1974-04-21,6.9892977868
1974-04-28,7.0470094714
1974-05-05,7.104721156
1974-05-12,7.26061976825
1974-05-19,7.4165183804999995
1974-05-26,7.57241699275
1974-06-02,7.728315605
1974-06-09,7.950329039
1974-06-16,8.172342473
1974-06-23,8.394355907
1974-06-30,8.616369341
1974-07-07,8.7984944376
1974-07-14,8.9806195342
1974-07-21,9.1627446308
1974-07-28,9.3448697274
1974-08-04,9.526994824
1974-08-11,9.671048875250001
1974-08-18,9.8151029265
1974-08-25,9.95915697775
1974-09-01,10.103211029
1974-09-08,10.201190844400001
1974-09-15,10.2991706598
1974-09-22,10.3971504752
1974-09-29,10.495130290599999
1974-10-06,10.593110106
1974-10-13,10.58519959475
1974-10-20,10.577289083499998
1974-10-27,10.569378572249999
1974-11-03,10.561468061
1974-11-10,10.667532838
1974-11-17,10.773597615
1974-11-24,10.879662392
1974-12-01,10.985727169
1974-12-08,11.0877903182
1974-12-15,11.1898534674
1974-12-22,11.2919166166
1974-12-29,11.393979765800001
1975-01-05,11.496042915
1975-01-12,11.52812682725
1975-01-19,11.5602107395
1975-01-26,11.59229465175
1975-02-02,11.624378564
1975-02-09,11.66431776225
1975-02-16,11.7042569605
1975-02-23,11.74419615875
1975-03-02,11.784135357
1975-03-09,11.742065976800001
1975-03-16,11.6999965966
1975-03-23,11.657927216400001
1975-03-30,11.6158578362
1975-04-06,11.573788456
1975-04-13,11.6049292835
1975-04-20,11.636070111
1975-04-27,11.6672109385
1975-05-04,11.698351766
1975-05-11,11.505496653249999
1975-05-18,11.3126415405
1975-05-25,11.11978642775
1975-06-01,10.926931315
1975-06-08,10.8281393998
1975-06-15,10.7293474846
1975-06-22,10.630555569399998
1975-06-29,10.531763654199999
1975-07-06,10.432971739
1975-07-13,10.266586661749999
1975-07-20,10.100201584499999
1975-07-27,9.93381650725
1975-08-03,9.76743143
1975-08-10,9.55572105425
1975-08-17,9.3440106785
1975-08-24,9.13230030275
1975-08-31,8.920589927
1975-09-07,8.8405561746
1975-09-14,8.7605224222
1975-09-21,8.6804886698
1975-09-28,8.6004549174
1975-10-05,8.520421165
1975-10-12,8.417712755
1975-10-19,8.315004345
1975-10-26,8.212295935
1975-11-02,8.109587525
1975-11-09,8.1054305915
1975-11-16,8.101273658
1975-11-23,8.097116724500001
1975-11-30,8.092959791
1975-12-07,8.0114056534
1975-12-14,7.9298515158
1975-12-21,7.8482973782
1975-12-28,7.7667432406
1976-01-04,7.685189103
1976-01-11,7.68665242375
1976-01-18,7.6881157445
1976-01-25,7.68957906525
1976-02-01,7.691042386
1976-02-08,7.61169835325
1976-02-15,7.5323543205
1976-02-22,7.45301028775
1976-02-29,7.373666255
1976-03-07,7.3658957418
1976-03-14,7.3581252286
1976-03-21,7.3503547154
1976-03-28,7.342584202199999
1976-04-04,7.334813689
1976-04-11,7.2129753225
1976-04-18,7.091136956
1976-04-25,6.969298589499999
1976-05-02,6.847460223
1976-05-09,6.8711455978
1976-05-16,6.8948309726
1976-05-23,6.9185163474
1976-05-30,6.9422017222
1976-06-06,6.965887097
1976-06-13,6.94216957475
1976-06-20,6.9184520525
1976-06-27,6.89473453025
1976-07-04,6.871017008
1976-07-11,6.92541120025
1976-07-18,6.979805392499999
1976-07-25,7.03419958475
1976-08-01,7.088593777
1976-08-08,7.141380336
1976-08-15,7.194166895
1976-08-22,7.246953454
1976-08-29,7.299740013
1976-09-05,7.352526572
1976-09-12,7.287440803
1976-09-19,7.222355034
1976-09-26,7.157269265
1976-10-03,7.092183496
1976-10-10,7.038731105249999
1976-10-17,6.9852787145
1976-10-24,6.93182632375
1976-10-31,6.878373933
1976-11-07,6.8251449552
1976-11-14,6.7719159774
1976-11-21,6.7186869996
1976-11-28,6.6654580218
1976-12-05,6.612229044
1976-12-12,6.5083411925
1976-12-19,6.404453341
1976-12-26,6.3005654895
1977-01-02,6.196677638
1977-01-09,6.1671237474
1977-01-16,6.1375698568
1977-01-23,6.1080159662
1977-01-30,6.0784620756
1977-02-06,6.048908185
1977-02-13,6.04975966875
1977-02-20,6.0506111525
1977-02-27,6.05146263625
1977-03-06,6.05231412
1977-03-13,6.0649576895
1977-03-20,6.077601259
1977-03-27,6.0902448285
1977-04-03,6.102888398
1977-04-10,6.22233022725
1977-04-17,6.3417720565
1977-04-24,6.46121388575
1977-05-01,6.580655715
1977-05-08,6.6127328608
1977-05-15,6.6448100066
1977-05-22,6.6768871524
1977-05-29,6.708964298200001
1977-06-05,6.741041444
1977-06-12,6.7858354215
1977-06-19,6.830629399
1977-06-26,6.875423376500001
1977-07-03,6.920217354
1977-07-10,6.91045072275
1977-07-17,6.9006840915000005
1977-07-24,6.89091746025
1977-07-31,6.881150829
1977-08-07,6.8714550986
1977-08-14,6.8617593682
1977-08-21,6.8520636378
1977-08-28,6.8423679074
1977-09-04,6.832672177
1977-09-11,6.8428764725
1977-09-18,6.853080768
1977-09-25,6.863285063499999
1977-10-02,6.873489359
1977-10-09,6.8888203982
1977-10-16,6.9041514373999995
1977-10-23,6.9194824766
1977-10-30,6.934813515799999
1977-11-06,6.950144555
1977-11-13,6.96248319825
1977-11-20,6.9748218415
1977-11-27,6.9871604847499995
1977-12-04,6.999499128
1977-12-11,7.0906225065
1977-12-18,7.181745885
1977-12-25,7.2728692635000005
1978-01-01,7.363992642
1978-01-08,7.3655916572
1978-01-15,7.3671906724000005
1978-01-22,7.3687896876
1978-01-29,7.3703887028
1978-02-05,7.371987718
1978-02-12,7.3642496575
1978-02-19,7.356511597
1978-02-26,7.3487735364999995
1978-03-05,7.341035476
1978-03-12,7.36417740225
1978-03-19,7.3873193285
1978-03-26,7.4104612547499995
1978-04-02,7.433603181
1978-04-09,7.4286542545
1978-04-16,7.423705328
1978-04-23,7.4187564015
1978-04-30,7.413807475
1978-05-07,7.4597442624
1978-05-14,7.5056810498
1978-05-21,7.5516178372
1978-05-28,7.5975546246
1978-06-04,7.643491412
1978-06-11,7.65240958475
1978-06-18,7.6613277575000005
1978-06-25,7.67024593025
1978-07-02,7.679164103
1978-07-09,7.725898986
1978-07-16,7.772633869
1978-07-23,7.819368752
1978-07-30,7.866103635
1978-08-06,7.912838518
1978-08-13,7.9787775422500005
1978-08-20,8.0447165665
1978-08-27,8.110655590750001
1978-09-03,8.176594615
1978-09-10,8.276483001750002
1978-09-17,8.3763713885
1978-09-24,8.47625977525
1978-10-01,8.576148162
1978-10-08,8.668211643600001
1978-10-15,8.760275125200002
1978-10-22,8.8523386068
1978-10-29,8.9444020884
1978-11-05,9.03646557
1978-11-12,9.080230367750001
1978-11-19,9.1239951655
1978-11-26,9.167759963249999
1978-12-03,9.211524761
1978-12-10,9.173146717249999
1978-12-17,9.1347686735
1978-12-24,9.096390629750001
1978-12-31,9.058012586
1979-01-07,9.060513336
1979-01-14,9.063014086
1979-01-21,9.065514836
1979-01-28,9.068015586000001
1979-02-04,9.070516336
1979-02-11,9.19572633625
1979-02-18,9.3209363365
1979-02-25,9.44614633675
1979-03-04,9.571356337
1979-03-11,9.59730354325
1979-03-18,9.623250749499999
1979-03-25,9.64919795575
1979-04-01,9.675145162
1979-04-08,9.723906831999999
1979-04-15,9.772668502
1979-04-22,9.821430172
1979-04-29,9.870191842
1979-05-06,9.918953512
1979-05-13,9.95980927375
1979-05-20,10.000665035499999
1979-05-27,10.04152079725
1979-06-03,10.082376559
1979-06-10,10.129075731
1979-06-17,10.175774903
1979-06-24,10.222474075
1979-07-01,10.269173247
1979-07-08,10.316208075599999
1979-07-15,10.3632429042
1979-07-22,10.4102777328
1979-07-29,10.4573125614
1979-08-05,10.50434739
1979-08-12,10.6121999
1979-08-19,10.720052410000001
1979-08-26,10.82790492
1979-09-02,10.93575743
1979-09-09,10.94774881
1979-09-16,10.959740190000002
1979-09-23,10.971731570000001
1979-09-30,10.98372295
1979-10-07,11.0384351976
1979-10-14,11.0931474452
1979-10-21,11.1478596928
1979-10-28,11.2025719404
1979-11-04,11.257284188
1979-11-11,11.424610220249999
1979-11-18,11.5919362525
1979-11-25,11.759262284750001
1979-12-02,11.926588317
1979-12-09,12.088107990400001
1979-12-16,12.2496276638
1979-12-23,12.411147337200001
1979-12-30,12.5726670106
1980-01-06,12.734186684
1980-01-13,12.9180739495
1980-01-20,13.101961215
1980-01-27,13.2858484805
1980-02-03,13.469735746
1980-02-10,13.50217497925
1980-02-17,13.5346142125
1980-02-24,13.56705344575
1980-03-02,13.599492679
1980-03-09,13.745927628
1980-03-16,13.892362577
1980-03-23,14.038797526000002
1980-03-30,14.185232475000001
1980-04-06,14.331667424
1980-04-13,14.437551817500001
1980-04-20,14.543436211
1980-04-27,14.6493206045
1980-05-04,14.755204998
1980-05-11,14.84522195725
1980-05-18,14.935238916500001
1980-05-25,15.02525587575
1980-06-01,15.115272835
1980-06-08,15.2470516118
1980-06-15,15.3788303886
1980-06-22,15.5106091654
1980-06-29,15.642387942200001
1980-07-06,15.774166719
1980-07-13,15.363977598750001
1980-07-20,14.9537884785
1980-07-27,14.543599358249999
1980-08-03,14.133410238
1980-08-10,13.91714756225
1980-08-17,13.700884886499999
1980-08-24,13.48462221075
1980-08-31,13.268359535
1980-09-07,13.2322381574
1980-09-14,13.1961167798
1980-09-21,13.1599954022
1980-09-28,13.123874024600001
1980-10-05,13.087752647
1980-10-12,13.0868616735
1980-10-19,13.0859707
1980-10-26,13.0850797265
1980-11-02,13.084188753
1980-11-09,13.030792016749999
1980-11-16,12.9773952805
1980-11-23,12.92399854425
1980-11-30,12.870601808
1980-12-07,12.8335318462
1980-12-14,12.7964618844
1980-12-21,12.7593919226
1980-12-28,12.7223219608
1981-01-04,12.685251999
1981-01-11,12.518464142
1981-01-18,12.351676285
1981-01-25,12.184888428
1981-02-01,12.018100571
1981-02-08,11.8208932265
1981-02-15,11.623685882
1981-02-22,11.4264785375
1981-03-01,11.229271193
1981-03-08,11.0472852486
1981-03-15,10.8652993042
1981-03-22,10.6833133598
1981-03-29,10.5013274154
1981-04-05,10.319341471
1981-04-12,10.16715526175
1981-04-19,10.0149690525
1981-04-26,9.862782843249999
1981-05-03,9.710596634
1981-05-10,9.683737634
1981-05-17,9.656878634
1981-05-24,9.630019634
1981-05-31,9.603160634
1981-06-07,9.5249620348
1981-06-14,9.4467634356
1981-06-21,9.368564836400001
1981-06-28,9.2903662372
1981-07-05,9.212167638
1981-07-12,9.71868331575
1981-07-19,10.225198993500001
1981-07-26,10.73171467125
1981-08-02,11.238230349
1981-08-09,11.3543326912
1981-08-16,11.4704350334
1981-08-23,11.5865373756
1981-08-30,11.7026397178
1981-09-06,11.81874206
1981-09-13,11.92129747275
1981-09-20,12.0238528855
1981-09-27,12.12640829825
1981-10-04,12.228963711
1981-10-11,11.9882857615
1981-10-18,11.747607812
1981-10-25,11.5069298625
1981-11-01,11.266251913
1981-11-08,11.1178085932
1981-11-15,10.9693652734
1981-11-22,10.820921953600001
1981-11-29,10.6724786338
1981-12-06,10.524035314
1981-12-13,10.35697441025
1981-12-20,10.1899135065
1981-12-27,10.02285260275
1982-01-03,9.855791699
1982-01-10,9.7593046255
1982-01-17,9.662817552
1982-01-24,9.5663304785
1982-01-31,9.469843405
1982-02-07,9.48733955725
1982-02-14,9.5048357095
1982-02-21,9.52233186175
1982-02-28,9.539828014
1982-03-07,9.409948520199999
1982-03-14,9.2800690264
1982-03-21,9.150189532599999
1982-03-28,9.0203100388
1982-04-04,8.890430545
1982-04-11,8.938104144499999
1982-04-18,8.985777744
1982-04-25,9.033451343500001
1982-05-02,9.081124943
1982-05-09,9.075488961200001
1982-05-16,9.0698529794
1982-05-23,9.0642169976
1982-05-30,9.0585810158
1982-06-06,9.052945034
1982-06-13,9.009267661
1982-06-20,8.965590288000001
1982-06-27,8.921912915
1982-07-04,8.878235542
1982-07-11,8.63102319425
1982-07-18,8.383810846500001
1982-07-25,8.13659849875
1982-08-01,7.889386151
1982-08-08,7.7773280656
1982-08-15,7.6652699802
1982-08-22,7.5532118948
1982-08-29,7.4411538094
1982-09-05,7.329095724
1982-09-12,6.99171383325
1982-09-19,6.654331942500001
1982-09-26,6.31695005175
1982-10-03,5.979568161
1982-10-10,5.97941323525
1982-10-17,5.9792583095000005
1982-10-24,5.97910338375
1982-10-31,5.978948458
1982-11-07,5.8440653594
1982-11-14,5.7091822608
1982-11-21,5.5742991622
1982-11-28,5.4394160635999995
1982-12-05,5.304532965
1982-12-12,5.04055102475
1982-12-19,4.7765690845
1982-12-26,4.51258714425
1983-01-02,4.248605204
1983-01-09,4.283805553400001
1983-01-16,4.319005902800001
1983-01-23,4.3542062522
1983-01-30,4.3894066016
1983-02-06,4.424606951
1983-02-13,4.407509227
1983-02-20,4.390411503
1983-02-27,4.373313779
1983-03-06,4.356216055
1983-03-13,4.4137449265
1983-03-20,4.471273798
1983-03-27,4.5288026695
1983-04-03,4.586331541
1983-04-10,4.48667852775
1983-04-17,4.3870255144999994
1983-04-24,4.28737250125
1983-05-01,4.187719488
1983-05-08,4.0072297714
1983-05-15,3.8267400548
1983-05-22,3.6462503381999998
1983-05-29,3.4657606216
1983-06-05,3.285270905
1983-06-12,3.109569279
1983-06-19,2.933867653
1983-06-26,2.758166027
1983-07-03,2.582464401
1983-07-10,2.52942864925
1983-07-17,2.4763928975000002
1983-07-24,2.42335714575
1983-07-31,2.370321394
1983-08-07,2.354906281
1983-08-14,2.339491168
1983-08-21,2.324076055
1983-08-28,2.308660942
1983-09-04,2.293245829
1983-09-11,2.3921632125
1983-09-18,2.4910805959999998
1983-09-25,2.5899979795
1983-10-02,2.688915363
1983-10-09,2.7186302876
1983-10-16,2.7483452122
1983-10-23,2.7780601368
1983-10-30,2.8077750614
1983-11-06,2.837489986
1983-11-13,3.00226867525
1983-11-20,3.1670473645
1983-11-27,3.33182605375
1983-12-04,3.496604743
1983-12-11,3.7363477945
1983-12-18,3.976090846
1983-12-25,4.2158338975
1984-01-01,4.455576949
1984-01-08,4.4586616612
1984-01-15,4.4617463734
1984-01-22,4.4648310856
1984-01-29,4.4679157978
1984-02-05,4.47100051
1984-02-12,4.4805606202499995
1984-02-19,4.490120730499999
1984-02-26,4.49968084075
1984-03-04,4.509240951
1984-03-11,4.54163734175
1984-03-18,4.5740337325
1984-03-25,4.60643012325
1984-04-01,4.638826514
1984-04-08,4.6374971304
1984-04-15,4.6361677468
1984-04-22,4.6348383632
1984-04-29,4.6335089796
1984-05-06,4.632179596
1984-05-13,4.64762585625
1984-05-20,4.6630721165
1984-05-27,4.67851837675
1984-06-03,4.693964637
1984-06-10,4.71373512975
1984-06-17,4.733505622499999
1984-06-24,4.753276115249999
1984-07-01,4.773046608
1984-07-08,4.7947498583999995
1984-07-15,4.816453108799999
1984-07-22,4.8381563592
1984-07-29,4.8598596096
1984-08-05,4.88156286
1984-08-12,4.91564154775
1984-08-19,4.9497202355
1984-08-26,4.98379892325
1984-09-02,5.017877611
1984-09-09,5.044010886500001
1984-09-16,5.070144162
1984-09-23,5.0962774374999995
1984-09-30,5.122410713
1984-10-07,5.1151751476
1984-10-14,5.1079395822
1984-10-21,5.1007040168
1984-10-28,5.093468451400001
1984-11-04,5.086232886
1984-11-11,5.05252460425
1984-11-18,5.0188163225
1984-11-25,4.98510804075
1984-12-02,4.951399759
1984-12-09,4.9680912212
1984-12-16,4.9847826834
1984-12-23,5.0014741456000005
1984-12-30,5.0181656078
1985-01-06,5.03485707
1985-01-13,4.9547452425
1985-01-20,4.874633415
1985-01-27,4.7945215875
1985-02-03,4.71440976
1985-02-10,4.7508304195
1985-02-17,4.787251079
1985-02-24,4.8236717385
1985-03-03,4.860092398
1985-03-10,4.882663106
1985-03-17,4.905233814
1985-03-24,4.927804522
1985-03-31,4.95037523
1985-04-07,4.908870245799999
1985-04-14,4.8673652616
1985-04-21,4.8258602773999995
1985-04-28,4.7843552932
1985-05-05,4.742850309
1985-05-12,4.81319049925
1985-05-19,4.8835306895
1985-05-26,4.953870879749999
1985-06-02,5.02421107
1985-06-09,5.02880110125
1985-06-16,5.0333911325
1985-06-23,5.03798116375
1985-06-30,5.042571195
1985-07-07,5.0209485854
1985-07-14,4.9993259758
1985-07-21,4.9777033662
1985-07-28,4.9560807566
1985-08-04,4.934458147
1985-08-11,4.9337056815
1985-08-18,4.932953216
1985-08-25,4.9322007505
1985-09-01,4.931448285
1985-09-08,4.8996098416
1985-09-15,4.8677713982
1985-09-22,4.8359329548
1985-09-29,4.8040945114
1985-10-06,4.772256068
1985-10-13,4.798529821
1985-10-20,4.824803574000001
1985-10-27,4.8510773270000005
1985-11-03,4.87735108
1985-11-10,4.9416088915000005
1985-11-17,5.005866703000001
1985-11-24,5.0701245145
1985-12-01,5.134382326
1985-12-08,5.110591028
1985-12-15,5.08679973
1985-12-22,5.063008432
1985-12-29,5.039217134
1986-01-05,5.015425836
1986-01-12,5.0818076130000005
1986-01-19,5.148189390000001
1986-01-26,5.214571167
1986-02-02,5.280952944
1986-02-09,5.2380285695
1986-02-16,5.195104195
1986-02-23,5.1521798205
1986-03-02,5.109255446
1986-03-09,5.1298995782
1986-03-16,5.1505437104
1986-03-23,5.171187842599999
1986-03-30,5.1918319747999995
1986-04-06,5.212476107
1986-04-13,5.2475239257499995
1986-04-20,5.2825717445
1986-04-27,5.31761956325
1986-05-04,5.352667382
1986-05-11,5.27066482325
1986-05-18,5.1886622645
1986-05-25,5.10665970575
1986-06-01,5.024657147
1986-06-08,5.0251028622
1986-06-15,5.0255485774
1986-06-22,5.0259942926
1986-06-29,5.026440007800001
1986-07-06,5.026885723
1986-07-13,5.010271279
1986-07-20,4.993656835
1986-07-27,4.977042391
1986-08-03,4.960427947
1986-08-10,4.92618504075
1986-08-17,4.891942134500001
1986-08-24,4.8576992282500004
1986-08-31,4.823456322
1986-09-07,4.8482648710000005
1986-09-14,4.87307342
1986-09-21,4.897881969
1986-09-28,4.922690518
1986-10-05,4.947499067
1986-10-12,4.93103992
1986-10-19,4.914580773
1986-10-26,4.898121626
1986-11-02,4.881662479
1986-11-09,4.805035061
1986-11-16,4.728407643000001
1986-11-23,4.651780225
1986-11-30,4.575152807
1986-12-07,4.5911043698
1986-12-14,4.6070559326
1986-12-21,4.6230074954
1986-12-28,4.6389590582
1987-01-04,4.654910621
1987-01-11,4.61421047525
1987-01-18,4.5735103294999995
1987-01-25,4.53281018375
1987-02-01,4.492110038
1987-02-08,4.482015466
1987-02-15,4.471920894
1987-02-22,4.461826322
1987-03-01,4.45173175
1987-03-08,4.4165889708
1987-03-15,4.3814461916
1987-03-22,4.3463034124
1987-03-29,4.3111606332
1987-04-05,4.276017854
1987-04-12,4.29981432425
1987-04-19,4.3236107945
1987-04-26,4.34740726475
1987-05-03,4.371203735
1987-05-10,4.3857808815
1987-05-17,4.400358027999999
1987-05-24,4.4149351745
1987-05-31,4.429512321
1987-06-07,4.3812067481999994
1987-06-14,4.3329011754
1987-06-21,4.2845956026
1987-06-28,4.2362900298
1987-07-05,4.187984457
1987-07-12,4.185679878749999
1987-07-19,4.1833753005
1987-07-26,4.18107072225
1987-08-02,4.178766144
1987-08-09,4.2016231508
1987-08-16,4.2244801575999995
1987-08-23,4.2473371644
1987-08-30,4.2701941712
1987-09-06,4.293051178
1987-09-13,4.29627121375
1987-09-20,4.2994912495
1987-09-27,4.30271128525
1987-10-04,4.305931321
1987-10-11,4.3186939862500004
1987-10-18,4.3314566515
1987-10-25,4.344219316749999
1987-11-01,4.356981982
1987-11-08,4.3515087887999995
1987-11-15,4.3460355956
1987-11-22,4.3405624024
1987-11-29,4.3350892092
1987-12-06,4.329616016
1987-12-13,4.32014932275
1987-12-20,4.3106826295000005
1987-12-27,4.30121593625
1988-01-03,4.291749243
1988-01-10,4.31212042375
1988-01-17,4.3324916044999995
1988-01-24,4.35286278525
1988-01-31,4.373233966
1988-02-07,4.3737128654
1988-02-14,4.3741917648
1988-02-21,4.3746706642
1988-02-28,4.3751495636
1988-03-06,4.375628463
1988-03-13,4.3919555635
1988-03-20,4.408282664
1988-03-27,4.4246097645
1988-04-03,4.440936865
1988-04-10,4.4246961887500005
1988-04-17,4.4084555125
1988-04-24,4.39221483625
1988-05-01,4.37597416
1988-05-08,4.3873098530000005
1988-05-15,4.398645546
1988-05-22,4.409981239
1988-05-29,4.421316932
1988-06-05,4.432652625
1988-06-12,4.49276902475
1988-06-19,4.5528854245
1988-06-26,4.61300182425
1988-07-03,4.673118224
1988-07-10,4.6800560755000005
1988-07-17,4.686993927
1988-07-24,4.6939317785
1988-07-31,4.70086963
1988-08-07,4.6955469469999995
1988-08-14,4.690224263999999
1988-08-21,4.684901581
1988-08-28,4.679578898
1988-09-04,4.674256215
1988-09-11,4.68599227975
1988-09-18,4.6977283445
1988-09-25,4.70946440925
1988-10-02,4.721200474
1988-10-09,4.6985378554
1988-10-16,4.6758752368
1988-10-23,4.6532126182
1988-10-30,4.6305499996
1988-11-06,4.607887381
1988-11-13,4.6416412975000005
1988-11-20,4.675395214
1988-11-27,4.7091491305
1988-12-04,4.742903047
1988-12-11,4.7546859580000005
1988-12-18,4.7664688690000006
1988-12-25,4.77825178
1989-01-01,4.790034691
1989-01-08,4.7816680474
1989-01-15,4.7733014038
1989-01-22,4.7649347602
1989-01-29,4.7565681166
1989-02-05,4.748201473
1989-02-12,4.7570344045
1989-02-19,4.7658673359999995
1989-02-26,4.7747002675
1989-03-05,4.783533199
1989-03-12,4.7752536362499995
1989-03-19,4.7669740735
1989-03-26,4.758694510750001
1989-04-02,4.750414948
1989-04-09,4.717433215250001
1989-04-16,4.6844514825
1989-04-23,4.6514697497499995
1989-04-30,4.618488017
1989-05-07,4.6433400074
1989-05-14,4.6681919978
1989-05-21,4.6930439881999995
1989-05-28,4.7178959786
1989-06-04,4.742747969
1989-06-11,4.74333803175
1989-06-18,4.743928094499999
1989-06-25,4.74451815725
1989-07-02,4.74510822
1989-07-09,4.7748481006
1989-07-16,4.8045879812
1989-07-23,4.834327861799999
1989-07-30,4.8640677424
1989-08-06,4.893807623
1989-08-13,4.883892914
1989-08-20,4.873978205
1989-08-27,4.864063496
1989-09-03,4.854148787
1989-09-10,4.8080843935
1989-09-17,4.76202
1989-09-24,4.7159556065
1989-10-01,4.669891213
1989-10-08,4.6964996467999995
1989-10-15,4.723108080599999
1989-10-22,4.7497165144
1989-10-29,4.7763249482
1989-11-05,4.802933382
1989-11-12,4.801592243
1989-11-19,4.800251104
1989-11-26,4.798909965
1989-12-03,4.797568826
1989-12-10,4.805428216
1989-12-17,4.813287605999999
1989-12-24,4.8211469959999995
1989-12-31,4.829006386
1990-01-07,4.8443867706
1990-01-14,4.8597671552
1990-01-21,4.8751475397999995
1990-01-28,4.8905279244
1990-02-04,4.905908309
1990-02-11,4.90882103925
1990-02-18,4.9117337695
1990-02-25,4.91464649975
1990-03-04,4.91755923
1990-03-11,4.98605061
1990-03-18,5.054541990000001
1990-03-25,5.12303337
1990-04-01,5.19152475
1990-04-08,5.208616873
1990-04-15,5.225708996
1990-04-22,5.242801119
1990-04-29,5.2598932419999995
1990-05-06,5.276985365
1990-05-13,5.2494221334999995
1990-05-20,5.221858901999999
1990-05-27,5.1942956705
1990-06-03,5.166732439
1990-06-10,5.217723747499999
1990-06-17,5.268715056
1990-06-24,5.3197063645
1990-07-01,5.370697673
1990-07-08,5.3998793288
1990-07-15,5.4290609845999995
1990-07-22,5.4582426404
1990-07-29,5.4874242961999995
1990-08-05,5.516605952
1990-08-12,5.59652215925
1990-08-19,5.676438366499999
1990-08-26,5.7563545737499995
1990-09-02,5.836270781
1990-09-09,5.859793164999999
1990-09-16,5.883315549
1990-09-23,5.906837933
1990-09-30,5.930360317
1990-10-07,5.9039894872
1990-10-14,5.8776186574
1990-10-21,5.8512478276
1990-10-28,5.824876997800001
1990-11-04,5.798506168
1990-11-11,5.769656675
1990-11-18,5.740807182
1990-11-25,5.711957689
1990-12-02,5.683108196
1990-12-09,5.6767049724
1990-12-16,5.6703017488
1990-12-23,5.6638985252
1990-12-30,5.6574953016
1991-01-06,5.651092078
1991-01-13,5.69214166075
1991-01-20,5.7331912435
1991-01-27,5.77424082625
1991-02-03,5.815290409
1991-02-10,5.82705750675
1991-02-17,5.8388246045
1991-02-24,5.85059170225
1991-03-03,5.8623588
1991-03-10,5.76534024475
1991-03-17,5.6683216895
1991-03-24,5.57130313425
1991-03-31,5.474284579
1991-04-07,5.43465975
1991-04-14,5.395034921
1991-04-21,5.3554100920000005
1991-04-28,5.315785263
1991-05-05,5.276160434
1991-05-12,5.26273179825
1991-05-19,5.2493031625
1991-05-26,5.23587452675
1991-06-02,5.222445891
1991-06-09,5.1504979055
1991-06-16,5.07854992
1991-06-23,5.0066019345
1991-06-30,4.934653949
1991-07-07,4.8904052376000005
1991-07-14,4.846156526200001
1991-07-21,4.8019078148
1991-07-28,4.7576591034
1991-08-04,4.713410392
1991-08-11,4.633331421
1991-08-18,4.5532524500000005
1991-08-25,4.473173479
1991-09-01,4.393094508
1991-09-08,4.403194565
1991-09-15,4.413294622
1991-09-22,4.423394679
1991-09-29,4.433494736
1991-10-06,4.443594793
1991-10-13,4.404944092
1991-10-20,4.366293391
1991-10-27,4.32764269
1991-11-03,4.288991989
1991-11-10,4.30416338425
1991-11-17,4.3193347795
1991-11-24,4.33450617475
1991-12-01,4.34967757
1991-12-08,4.3491355888
1991-12-15,4.3485936076
1991-12-22,4.3480516264
1991-12-29,4.3475096452
1992-01-05,4.346967664
1992-01-12,4.2733029345
1992-01-19,4.199638204999999
1992-01-26,4.1259734754999995
1992-02-02,4.052308746
1992-02-09,4.0046728255
1992-02-16,3.957036905
1992-02-23,3.9094009845
1992-03-01,3.861765064
1992-03-08,3.8845809016
1992-03-15,3.9073967392
1992-03-22,3.9302125768
1992-03-29,3.9530284144
1992-04-05,3.975844252
1992-04-12,3.99849288225
1992-04-19,4.0211415125
1992-04-26,4.04379014275
1992-05-03,4.066438773
1992-05-10,4.031431712
1992-05-17,3.996424651
1992-05-24,3.96141759
1992-05-31,3.926410529
1992-06-07,3.913166135
1992-06-14,3.899921741
1992-06-21,3.886677347
1992-06-28,3.873432953
1992-07-05,3.860188559
1992-07-12,3.837483336
1992-07-19,3.814778113
1992-07-26,3.79207289
1992-08-02,3.769367667
1992-08-09,3.7411181506
1992-08-16,3.7128686342
1992-08-23,3.6846191178
1992-08-30,3.6563696014
1992-09-06,3.628120085
1992-09-13,3.55839950225
1992-09-20,3.4886789195
1992-09-27,3.41895833675
1992-10-04,3.349237754
1992-10-11,3.4209069655
1992-10-18,3.492576177
1992-10-25,3.5642453885
1992-11-01,3.6359146
1992-11-08,3.634625629
1992-11-15,3.633336658
1992-11-22,3.632047687
1992-11-29,3.6307587160000003
1992-12-06,3.629469745
1992-12-13,3.59166794775
1992-12-20,3.5538661505
1992-12-27,3.51606435325
1993-01-03,3.478262556
1993-01-10,3.49081069425
1993-01-17,3.5033588325
1993-01-24,3.5159069707499997
1993-01-31,3.528455109
1993-02-07,3.5368047787499997
1993-02-14,3.5451544485
1993-02-21,3.5535041182500002
1993-02-28,3.561853788
1993-03-07,3.516368659
1993-03-14,3.47088353
1993-03-21,3.425398401
1993-03-28,3.379913272
1993-04-04,3.334428143
1993-04-11,3.3518805645
1993-04-18,3.369332986
1993-04-25,3.3867854074999997
1993-05-02,3.404237829
1993-05-09,3.4299376014
1993-05-16,3.4556373738
1993-05-23,3.4813371462
1993-05-30,3.5070369186000003
1993-06-06,3.532736691
1993-06-13,3.5418842545
1993-06-20,3.5510318180000002
1993-06-27,3.5601793815
1993-07-04,3.569326945
1993-07-11,3.5326493872499998
1993-07-18,3.4959718295
1993-07-25,3.45929427175
1993-08-01,3.422616714
1993-08-08,3.4398555226000003
1993-08-15,3.4570943312
1993-08-22,3.4743331398
1993-08-29,3.4915719484
1993-09-05,3.508810757
1993-09-12,3.54220399075
1993-09-19,3.5755972245
1993-09-26,3.60899045825
1993-10-03,3.642383692
1993-10-10,3.58797208775
1993-10-17,3.5335604835
1993-10-24,3.4791488792500003
1993-10-31,3.424737275
1993-11-07,3.4270452392
1993-11-14,3.4293532034
1993-11-21,3.4316611676
1993-11-28,3.4339691318
1993-12-05,3.436277096
1993-12-12,3.464326801
1993-12-19,3.4923765060000003
1993-12-26,3.520426211
1994-01-02,3.548475916
1994-01-09,3.513932712
1994-01-16,3.479389508
1994-01-23,3.444846304
1994-01-30,3.4103031
1994-02-06,3.375759896
1994-02-13,3.385800018
1994-02-20,3.39584014
1994-02-27,3.405880262
1994-03-06,3.415920384
1994-03-13,3.45447802375
1994-03-20,3.4930356634999997
1994-03-27,3.5315933032499998
1994-04-03,3.570150943
1994-04-10,3.5162125939999997
1994-04-17,3.4622742449999997
1994-04-24,3.408335896
1994-05-01,3.354397547
1994-05-08,3.328624615
1994-05-15,3.302851683
1994-05-22,3.277078751
1994-05-29,3.251305819
1994-06-05,3.225532887
1994-06-12,3.217834289
1994-06-19,3.210135691
1994-06-26,3.2024370930000003
1994-07-03,3.194738495
1994-07-10,3.204523908
1994-07-17,3.214309321
1994-07-24,3.224094734
1994-07-31,3.233880147
1994-08-07,3.2484469348
1994-08-14,3.2630137225999998
1994-08-21,3.2775805104
1994-08-28,3.2921472981999997
1994-09-04,3.306714086
1994-09-11,3.2936059755000002
1994-09-18,3.280497865
1994-09-25,3.2673897545
1994-10-02,3.254281644
1994-10-09,3.236278173
1994-10-16,3.218274702
1994-10-23,3.2002712310000003
1994-10-30,3.1822677600000002
1994-11-06,3.164264289
1994-11-13,3.1552687615000004
1994-11-20,3.146273234
1994-11-27,3.1372777065
1994-12-04,3.128282179
1994-12-11,3.0715732785000003
1994-12-18,3.0148643780000004
1994-12-25,2.9581554775
1995-01-01,2.901446577
1995-01-08,2.9499974282
1995-01-15,2.9985482794
1995-01-22,3.0470991306000004
1995-01-29,3.0956499818000003
1995-02-05,3.144200833
1995-02-12,3.1391756535
1995-02-19,3.134150474
1995-02-26,3.1291252945
1995-03-05,3.124100115
1995-03-12,3.1349453785000003
1995-03-19,3.145790642
1995-03-26,3.1566359055
1995-04-02,3.167481169
1995-04-09,3.2022820385
1995-04-16,3.237082908
1995-04-23,3.2718837775000003
1995-04-30,3.306684647
1995-05-07,3.3164066222
1995-05-14,3.3261285974
1995-05-21,3.3358505726
1995-05-28,3.3455725478
1995-06-04,3.355294523
1995-06-11,3.34954176175
1995-06-18,3.3437890005
1995-06-25,3.33803623925
1995-07-02,3.332283478
1995-07-09,3.3432165771999998
1995-07-16,3.3541496764
1995-07-23,3.3650827756
1995-07-30,3.3760158748
1995-08-06,3.386948974
1995-08-13,3.349747003
1995-08-20,3.312545032
1995-08-27,3.275343061
1995-09-03,3.23814109
1995-09-10,3.266530198
1995-09-17,3.2949193059999997
1995-09-24,3.323308414
1995-10-01,3.351697522
1995-10-08,3.3741812296
1995-10-15,3.3966649371999997
1995-10-22,3.4191486448
1995-10-29,3.4416323523999997
1995-11-05,3.46411606
1995-11-12,3.4430772075
1995-11-19,3.4220383549999998
1995-11-26,3.4009995025
1995-12-03,3.37996065
1995-12-10,3.37992785925
1995-12-17,3.3798950684999998
1995-12-24,3.37986227775
1995-12-31,3.379829487
1996-01-07,3.3592786024
1996-01-14,3.3387277178
1996-01-21,3.3181768332
1996-01-28,3.2976259486
1996-02-04,3.277075064
1996-02-11,3.27279036025
1996-02-18,3.2685056565
1996-02-25,3.2642209527499997
1996-03-03,3.259936249
1996-03-10,3.2285774335
1996-03-17,3.197218618
1996-03-24,3.1658598025
1996-03-31,3.134500987
1996-04-07,3.1085564102
1996-04-14,3.0826118334
1996-04-21,3.0566672566
1996-04-28,3.0307226798
1996-05-05,3.004778103
1996-05-12,3.01552663275
1996-05-19,3.0262751625
1996-05-26,3.03702369225
1996-06-02,3.047772222
1996-06-09,3.048775326
1996-06-16,3.04977843
1996-06-23,3.050781534
1996-06-30,3.051784638
1996-07-07,3.0589120194
1996-07-14,3.0660394008000003
1996-07-21,3.0731667822
1996-07-28,3.0802941636
1996-08-04,3.087421545
1996-08-11,3.086434484
1996-08-18,3.085447423
1996-08-25,3.084460362
1996-09-01,3.083473301
1996-09-08,3.0793966822
1996-09-15,3.0753200634
1996-09-22,3.0712434446000003
1996-09-29,3.0671668258
1996-10-06,3.063090207
1996-10-13,3.0332531092500004
1996-10-20,3.0034160115
1996-10-27,2.97357891375
1996-11-03,2.943741816
1996-11-10,2.95290396525
1996-11-17,2.9620661145
1996-11-24,2.97122826375
1996-12-01,2.980390413
1996-12-08,2.9955967244
1996-12-15,3.0108030358
1996-12-22,3.0260093472
1996-12-29,3.0412156586
1997-01-05,3.05642197
1997-01-12,3.0204202650000003
1997-01-19,2.98441856
1997-01-26,2.948416855
1997-02-02,2.91241515
1997-02-09,2.88492758825
1997-02-16,2.8574400265
1997-02-23,2.8299524647500003
1997-03-02,2.802464903
1997-03-09,2.8128935376
1997-03-16,2.8233221722
1997-03-23,2.8337508068
1997-03-30,2.8441794414
1997-04-06,2.854608076
1997-04-13,2.8686861505
1997-04-20,2.882764225
1997-04-27,2.8968422995
1997-05-04,2.910920374
1997-05-11,2.9007410662499997
1997-05-18,2.8905617584999996
1997-05-25,2.88038245075
1997-06-01,2.870203143
1997-06-08,2.8618516335999997
1997-06-15,2.8535001242
1997-06-22,2.8451486148
1997-06-29,2.8367971054
1997-07-06,2.828445596
1997-07-13,2.8093940125
1997-07-20,2.790342429
1997-07-27,2.7712908455
1997-08-03,2.752239262
1997-08-10,2.72759713975
1997-08-17,2.7029550175
1997-08-24,2.67831289525
1997-08-31,2.653670773
1997-09-07,2.6318974706
1997-09-14,2.6101241682
1997-09-21,2.5883508658
1997-09-28,2.5665775634
1997-10-05,2.544804261
1997-10-12,2.5633283745
1997-10-19,2.581852488
1997-10-26,2.6003766015
1997-11-02,2.618900715
1997-11-09,2.601320736
1997-11-16,2.583740757
1997-11-23,2.566160778
1997-11-30,2.548580799
1997-12-07,2.5631717635999998
1997-12-14,2.5777627281999997
1997-12-21,2.5923536928
1997-12-28,2.6069446574
1998-01-04,2.621535622
1998-01-11,2.6344462232500003
1998-01-18,2.6473568245
1998-01-25,2.66026742575
1998-02-01,2.673178027
1998-02-08,2.6777716590000002
1998-02-15,2.682365291
1998-02-22,2.6869589229999997
1998-03-01,2.691552555
1998-03-08,2.6877028972
1998-03-15,2.6838532394
1998-03-22,2.6800035816
1998-03-29,2.6761539238
1998-04-05,2.672304266
1998-04-12,2.6643526609999997
1998-04-19,2.656401056
1998-04-26,2.6484494510000003
1998-05-03,2.640497846
1998-05-10,2.63320639225
1998-05-17,2.6259149385000002
1998-05-24,2.61862348475
1998-05-31,2.611332031
1998-06-07,2.6091065198
1998-06-14,2.6068810086
1998-06-21,2.6046554974
1998-06-28,2.6024299861999998
1998-07-05,2.600204475
1998-07-12,2.600987343
1998-07-19,2.601770211
1998-07-26,2.602553079
1998-08-02,2.603335947
1998-08-09,2.6094651852
1998-08-16,2.6155944234
1998-08-23,2.6217236616
1998-08-30,2.6278528998
1998-09-06,2.633982138
1998-09-13,2.624041099
1998-09-20,2.61410006
1998-09-27,2.604159021
1998-10-04,2.594217982
1998-10-11,2.57942757075
1998-10-18,2.5646371595
1998-10-25,2.54984674825
1998-11-01,2.535056337
1998-11-08,2.5327614102
1998-11-15,2.5304664834
1998-11-22,2.5281715566
1998-11-29,2.5258766298
1998-12-06,2.523581703
1998-12-13,2.50214202725
1998-12-20,2.4807023514999997
1998-12-27,2.45926267575
1999-01-03,2.437823
1999-01-10,2.4241462499999997
1999-01-17,2.4104694999999996
1999-01-24,2.39679275
1999-01-31,2.383116
1999-02-07,2.3663955
1999-02-14,2.349675
1999-02-21,2.3329545
1999-02-28,2.316234
1999-03-07,2.3004886
1999-03-14,2.2847432
1999-03-21,2.2689978
1999-03-28,2.2532524
1999-04-04,2.237507
1999-04-11,2.2347782499999997
1999-04-18,2.2320495
1999-04-25,2.2293207500000003
1999-05-02,2.226592
1999-05-09,2.2119372
1999-05-16,2.1972824
1999-05-23,2.1826276
1999-05-30,2.1679728000000003
1999-06-06,2.153318
1999-06-13,2.1325545
1999-06-20,2.111791
1999-06-27,2.0910275
1999-07-04,2.070264
1999-07-11,2.0804839999999998
1999-07-18,2.0907039999999997
1999-07-25,2.100924
1999-08-01,2.111144
1999-08-08,2.1078829999999997
1999-08-15,2.104622
1999-08-22,2.101361
1999-08-29,2.0981
1999-09-05,2.094839
1999-09-12,2.08881575
1999-09-19,2.0827925
1999-09-26,2.07676925
1999-10-03,2.070746
1999-10-10,2.0654645
1999-10-17,2.0601830000000003
1999-10-24,2.0549015
1999-10-31,2.04962
1999-11-07,2.0692602
1999-11-14,2.0889004
1999-11-21,2.1085406
1999-11-28,2.1281808
1999-12-05,2.147821
1999-12-12,2.15282775
1999-12-19,2.1578345
1999-12-26,2.16284125
2000-01-02,2.167848
2000-01-09,2.2013822000000003
2000-01-16,2.2349164000000004
2000-01-23,2.2684506
2000-01-30,2.3019848
2000-02-06,2.335519
2000-02-13,2.3464445
2000-02-20,2.35737
2000-02-27,2.3682955
2000-03-05,2.379221
2000-03-12,2.40523725
2000-03-19,2.4312535
2000-03-26,2.45726975
2000-04-02,2.483286
2000-04-09,2.46477425
2000-04-16,2.4462625
2000-04-23,2.42775075
2000-04-30,2.409239
2000-05-07,2.4391206
2000-05-14,2.4690022
2000-05-21,2.4988838
2000-05-28,2.5287654
2000-06-04,2.558647
2000-06-11,2.59435825
2000-06-18,2.6300695000000003
2000-06-25,2.66578075
2000-07-02,2.701492
2000-07-09,2.7037876
2000-07-16,2.7060832
2000-07-23,2.7083787999999998
2000-07-30,2.7106744
2000-08-06,2.71297
2000-08-13,2.753432
2000-08-20,2.793894
2000-08-27,2.8343559999999997
2000-09-03,2.874818
2000-09-10,2.880384
2000-09-17,2.8859500000000002
2000-09-24,2.891516
2000-10-01,2.897082
2000-10-08,2.9016538
2000-10-15,2.9062256
2000-10-22,2.9107974000000003
2000-10-29,2.9153692
2000-11-05,2.919941
2000-11-12,2.907492
2000-11-19,2.8950430000000003
2000-11-26,2.882594
2000-12-03,2.870145
2000-12-10,2.895631
2000-12-17,2.9211169999999997
2000-12-24,2.946603
2000-12-31,2.972089
2001-01-07,2.9533648
2001-01-14,2.9346406
2001-01-21,2.9159164
2001-01-28,2.8971921999999997
2001-02-04,2.878468
2001-02-11,2.9037865
2001-02-18,2.929105
2001-02-25,2.9544235
2001-03-04,2.979742
2001-03-11,2.975278
2001-03-18,2.970814
2001-03-25,2.96635
2001-04-01,2.961886
2001-04-08,2.9877312
2001-04-15,3.0135764
2001-04-22,3.0394216
2001-04-29,3.0652668
2001-05-06,3.091112
2001-05-13,3.0868365
2001-05-20,3.082561
2001-05-27,3.0782855
2001-06-03,3.07401
2001-06-10,3.10566225
2001-06-17,3.1373145
2001-06-24,3.16896675
2001-07-01,3.200619
2001-07-08,3.2020574
2001-07-15,3.2034958000000002
2001-07-22,3.2049342
2001-07-29,3.2063726
2001-08-05,3.207811
2001-08-12,3.2187865
2001-08-19,3.229762
2001-08-26,3.2407375
2001-09-02,3.251713
2001-09-09,3.2859712500000002
2001-09-16,3.3202295
2001-09-23,3.3544877499999997
2001-09-30,3.388746
2001-10-07,3.40781
2001-10-14,3.4268739999999998
2001-10-21,3.445938
2001-10-28,3.4650019999999997
2001-11-04,3.484066
2001-11-11,3.51354925
2001-11-18,3.5430325
2001-11-25,3.57251575
2001-12-02,3.601999
2001-12-09,3.5945834000000003
2001-12-16,3.5871678
2001-12-23,3.5797522
2001-12-30,3.5723366
2002-01-06,3.564921
2002-01-13,3.5630565
2002-01-20,3.561192
2002-01-27,3.5593274999999998
2002-02-03,3.557463
2002-02-10,3.5499562499999997
2002-02-17,3.5424495
2002-02-24,3.53494275
2002-03-03,3.527436
2002-03-10,3.5126969999999997
2002-03-17,3.4979579999999997
2002-03-24,3.483219
2002-03-31,3.46848
2002-04-07,3.4679484
2002-04-14,3.4674168
2002-04-21,3.4668852
2002-04-28,3.4663536
2002-05-05,3.465822
2002-05-12,3.4623995
2002-05-19,3.458977
2002-05-26,3.4555545000000003
2002-06-02,3.452132
2002-06-09,3.399522
2002-06-16,3.346912
2002-06-23,3.294302
2002-06-30,3.241692
2002-07-07,3.2460948
2002-07-14,3.2504976
2002-07-21,3.2549004
2002-07-28,3.2593032
2002-08-04,3.263706
2002-08-11,3.23442825
2002-08-18,3.2051505000000002
2002-08-25,3.17587275
2002-09-01,3.146595
2002-09-08,3.1225972
2002-09-15,3.0985994
2002-09-22,3.0746016000000003
2002-09-29,3.0506038
2002-10-06,3.026606
2002-10-13,3.0042530000000003
2002-10-20,2.9819
2002-10-27,2.9595469999999997
2002-11-03,2.937194
2002-11-10,2.908976
2002-11-17,2.880758
2002-11-24,2.85254
2002-12-01,2.824322
2002-12-08,2.8178904
2002-12-15,2.8114588
2002-12-22,2.8050272
2002-12-29,2.7985956
2003-01-05,2.792164
2003-01-12,2.7886627500000003
2003-01-19,2.7851615
2003-01-26,2.78166025
2003-02-02,2.778159
2003-02-09,2.75752425
2003-02-16,2.7368895
2003-02-23,2.71625475
2003-03-02,2.69562
2003-03-09,2.680323
2003-03-16,2.665026
2003-03-23,2.649729
2003-03-30,2.634432
2003-04-06,2.619135
2003-04-13,2.5769945
2003-04-20,2.534854
2003-04-27,2.4927135
2003-05-04,2.450573
2003-05-11,2.42257675
2003-05-18,2.3945805
2003-05-25,2.36658425
2003-06-01,2.338588
2003-06-08,2.3232098
2003-06-15,2.3078316
2003-06-22,2.2924534
2003-06-29,2.2770752
2003-07-06,2.261697
2003-07-13,2.2533269999999996
2003-07-20,2.244957
2003-07-27,2.236587
2003-08-03,2.228217
2003-08-10,2.2099845
2003-08-17,2.191752
2003-08-24,2.1735195
2003-08-31,2.155287
2003-09-07,2.1590918
2003-09-14,2.1628966
2003-09-21,2.1667014
2003-09-28,2.1705061999999997
2003-10-05,2.174311
2003-10-12,2.1684035
2003-10-19,2.162496
2003-10-26,2.1565885
2003-11-02,2.150681
2003-11-09,2.11949975
2003-11-16,2.0883184999999997
2003-11-23,2.05713725
2003-11-30,2.025956
2003-12-07,2.0143182
2003-12-14,2.0026804
2003-12-21,1.9910425999999999
2003-12-28,1.9794048
2004-01-04,1.967767
2004-01-11,1.9632785
2004-01-18,1.95879
2004-01-25,1.9543015000000001
2004-02-01,1.949813
2004-02-08,1.971649
2004-02-15,1.9934850000000002
2004-02-22,2.015321
2004-02-29,2.037157
2004-03-07,2.0550390000000003
2004-03-14,2.072921
2004-03-21,2.090803
2004-03-28,2.108685
2004-04-04,2.126567
2004-04-11,2.156896
2004-04-18,2.1872249999999998
2004-04-25,2.217554
2004-05-02,2.247883
2004-05-09,2.2440287999999997
2004-05-16,2.2401746
2004-05-23,2.2363204
2004-05-30,2.2324662
2004-06-06,2.228612
2004-06-13,2.2641572500000002
2004-06-20,2.2997025
2004-06-27,2.3352477499999997
2004-07-04,2.370793
2004-07-11,2.341844
2004-07-18,2.312895
2004-07-25,2.283946
2004-08-01,2.254997
2004-08-08,2.2539318
2004-08-15,2.2528666
2004-08-22,2.2518014
2004-08-29,2.2507362
2004-09-05,2.249671
2004-09-12,2.24523325
2004-09-19,2.2407955
2004-09-26,2.2363577500000003
2004-10-03,2.23192
2004-10-10,2.23127325
2004-10-17,2.2306265
2004-10-24,2.22997975
2004-10-31,2.229333
2004-11-07,2.2422258
2004-11-14,2.2551186
2004-11-21,2.2680114000000002
2004-11-28,2.2809042
2004-12-05,2.293797
2004-12-12,2.29639475
2004-12-19,2.2989924999999998
2004-12-26,2.30159025
2005-01-02,2.304188
2005-01-09,2.3051176
2005-01-16,2.3060472
2005-01-23,2.3069767999999997
2005-01-30,2.3079064
2005-02-06,2.308836
2005-02-13,2.3014135
2005-02-20,2.293991
2005-02-27,2.2865685
2005-03-06,2.279146
2005-03-13,2.269023
2005-03-20,2.2588999999999997
2005-03-27,2.248777
2005-04-03,2.238654
2005-04-10,2.23694975
2005-04-17,2.2352455
2005-04-24,2.23354125
2005-05-01,2.231837
2005-05-08,2.2555318
2005-05-15,2.2792266
2005-05-22,2.3029214000000002
2005-05-29,2.3266162
2005-06-05,2.350311
2005-06-12,2.31048525
2005-06-19,2.2706595
2005-06-26,2.23083375
2005-07-03,2.191008
2005-07-10,2.21639875
2005-07-17,2.2417895000000003
2005-07-24,2.26718025
2005-07-31,2.292571
2005-08-07,2.2854176
2005-08-14,2.2782642
2005-08-21,2.2711107999999998
2005-08-28,2.2639574
2005-09-04,2.256804
2005-09-11,2.2742315
2005-09-18,2.291659
2005-09-25,2.3090865
2005-10-02,2.326514
2005-10-09,2.3248547999999998
2005-10-16,2.3231956
2005-10-23,2.3215364
2005-10-30,2.3198772
2005-11-06,2.318218
2005-11-13,2.34489125
2005-11-20,2.3715645
2005-11-27,2.39823775
2005-12-04,2.424911
2005-12-11,2.43444375
2005-12-18,2.4439764999999998
2005-12-25,2.45350925
2006-01-01,2.463042
2006-01-08,2.4593968
2006-01-15,2.4557516
2006-01-22,2.4521064
2006-01-29,2.4484612
2006-02-05,2.444816
2006-02-12,2.4568465
2006-02-19,2.468877
2006-02-26,2.4809075
2006-03-05,2.492938
2006-03-12,2.51354075
2006-03-19,2.5341435
2006-03-26,2.55474625
2006-04-02,2.575349
2006-04-09,2.60033425
2006-04-16,2.6253195
2006-04-23,2.65030475
2006-04-30,2.67529
2006-05-07,2.6959132
2006-05-14,2.7165364
2006-05-21,2.7371596
2006-05-28,2.7577827999999998
2006-06-04,2.778406
2006-06-11,2.8411255
2006-06-18,2.903845
2006-06-25,2.9665645
2006-07-02,3.029284
2006-07-09,3.0412646
2006-07-16,3.0532452
2006-07-23,3.0652258
2006-07-30,3.0772064
2006-08-06,3.089187
2006-08-13,3.1218655
2006-08-20,3.154544
2006-08-27,3.1872225
2006-09-03,3.219901
2006-09-10,3.21668925
2006-09-17,3.2134774999999998
2006-09-24,3.21026575
2006-10-01,3.207054
2006-10-08,3.2228368
2006-10-15,3.2386196
2006-10-22,3.2544024
2006-10-29,3.2701852
2006-11-05,3.285968
2006-11-12,3.249789
2006-11-19,3.21361
2006-11-26,3.1774310000000003
2006-12-03,3.141252
2006-12-10,3.134914
2006-12-17,3.128576
2006-12-24,3.122238
2006-12-31,3.1159
2007-01-07,3.1200668
2007-01-14,3.1242336
2007-01-21,3.1284004
2007-01-28,3.1325672
2007-02-04,3.136734
2007-02-11,3.1406575
2007-02-18,3.144581
2007-02-25,3.1485045
2007-03-04,3.152428
2007-03-11,3.139293
2007-03-18,3.126158
2007-03-25,3.113023
2007-04-01,3.099888
2007-04-08,3.0714034
2007-04-15,3.0429188
2007-04-22,3.0144342
2007-04-29,2.9859496
2007-05-06,2.957465
2007-05-13,2.9116485
2007-05-20,2.865832
2007-05-27,2.8200155
2007-06-03,2.774199
2007-06-10,2.7360777499999998
2007-06-17,2.6979565
2007-06-24,2.65983525
2007-07-01,2.621714
2007-07-08,2.6024355999999997
2007-07-15,2.5831572
2007-07-22,2.5638788
2007-07-29,2.5446004
2007-08-05,2.525322
2007-08-12,2.5087825
2007-08-19,2.492243
2007-08-26,2.4757035
2007-09-02,2.459164
2007-09-09,2.46312375
2007-09-16,2.4670835
2007-09-23,2.47104325
2007-09-30,2.475003
2007-10-07,2.4789288000000003
2007-10-14,2.4828546
2007-10-21,2.4867804000000002
2007-10-28,2.4907062
2007-11-04,2.494632
2007-11-11,2.5333415
2007-11-18,2.572051
2007-11-25,2.6107605
2007-12-02,2.64947
2007-12-09,2.6620552
2007-12-16,2.6746404
2007-12-23,2.6872256
2007-12-30,2.6998108
2008-01-06,2.712396
2008-01-13,2.72122075
2008-01-20,2.7300455
2008-01-27,2.73887025
2008-02-03,2.747695
2008-02-10,2.71520575
2008-02-17,2.6827165
2008-02-24,2.6502272500000004
2008-03-02,2.617738
2008-03-09,2.6319802
2008-03-16,2.6462224
2008-03-23,2.6604646
2008-03-30,2.6747068
2008-04-06,2.688949
2008-04-13,2.6980880000000003
2008-04-20,2.707227
2008-04-27,2.716366
2008-05-04,2.725505
2008-05-11,2.7423895
2008-05-18,2.759274
2008-05-25,2.7761585
2008-06-01,2.793043
2008-06-08,2.8212205999999997
2008-06-15,2.8493982
2008-06-22,2.8775758
2008-06-29,2.9057534
2008-07-06,2.933931
2008-07-13,2.95307425
2008-07-20,2.9722175
2008-07-27,2.99136075
2008-08-03,3.010504
2008-08-10,3.02806925
2008-08-17,3.0456345000000002
2008-08-24,3.06319975
2008-08-31,3.080765
2008-09-07,3.0789378
2008-09-14,3.0771106
2008-09-21,3.0752834
2008-09-28,3.0734562000000003
2008-10-05,3.071629
2008-10-12,3.034275
2008-10-19,2.9969210000000004
2008-10-26,2.9595670000000003
2008-11-02,2.922213
2008-11-09,2.885935
2008-11-16,2.849657
2008-11-23,2.8133790000000003
2008-11-30,2.777101
2008-12-07,2.7445822
2008-12-14,2.7120634
2008-12-21,2.6795446000000003
2008-12-28,2.6470258
2009-01-04,2.614507
2009-01-11,2.594874
2009-01-18,2.575241
2009-01-25,2.5556080000000003
2009-02-01,2.535975
2009-02-08,2.53762375
2009-02-15,2.5392725
2009-02-22,2.5409212500000002
2009-03-01,2.54257
2009-03-08,2.5215962
2009-03-15,2.5006224
2009-03-22,2.4796486
2009-03-29,2.4586748000000003
2009-04-05,2.437701
2009-04-12,2.41825425
2009-04-19,2.3988075
2009-04-26,2.37936075
2009-05-03,2.359914
2009-05-10,2.3383892499999996
2009-05-17,2.3168645
2009-05-24,2.29533975
2009-05-31,2.273815
2009-06-07,2.2346646
2009-06-14,2.1955142
2009-06-21,2.1563638000000003
2009-06-28,2.1172134000000002
2009-07-05,2.078063
2009-07-12,2.03610025
2009-07-19,1.9941375000000001
2009-07-26,1.9521747500000002
2009-08-02,1.910212
2009-08-09,1.879579
2009-08-16,1.848946
2009-08-23,1.818313
2009-08-30,1.78768
2009-09-06,1.757047
2009-09-13,1.71849675
2009-09-20,1.6799465
2009-09-27,1.6413962500000001
2009-10-04,1.602846
2009-10-11,1.579435
2009-10-18,1.5560239999999999
2009-10-25,1.532613
2009-11-01,1.509202
2009-11-08,1.4796753999999999
2009-11-15,1.4501488
2009-11-22,1.4206222
2009-11-29,1.3910956
2009-12-06,1.361569
2009-12-13,1.3508705
2009-12-20,1.340172
2009-12-27,1.3294735
2010-01-03,1.318775
2010-01-10,1.28177225
2010-01-17,1.2447694999999999
2010-01-24,1.20776675
2010-01-31,1.170764
2010-02-07,1.140244
2010-02-14,1.109724
2010-02-21,1.0792039999999998
2010-02-28,1.048684
2010-03-07,1.02404768
2010-03-14,0.99941136
2010-03-21,0.9747750399999999
2010-03-28,0.95013872
2010-04-04,0.9255024
2010-04-11,0.91148005
2010-04-18,0.8974576999999999
2010-04-25,0.88343535
2010-05-02,0.869413
2010-05-09,0.8541908
2010-05-16,0.8389686
2010-05-23,0.8237464
2010-05-30,0.8085241999999999
2010-06-06,0.793302
2010-06-13,0.7894796749999999
2010-06-20,0.7856573499999999
2010-06-27,0.781835025
2010-07-04,0.7780127
2010-07-11,0.769527175
2010-07-18,0.76104165
2010-07-25,0.752556125
2010-08-01,0.7440706
2010-08-08,0.73347964
2010-08-15,0.72288868
2010-08-22,0.71229772
2010-08-29,0.70170676
2010-09-05,0.6911158
2010-09-12,0.684303975
2010-09-19,0.67749215
2010-09-26,0.670680325
2010-10-03,0.6638685
2010-10-10,0.665984975
2010-10-17,0.66810145
2010-10-24,0.670217925
2010-10-31,0.6723344
2010-11-07,0.7025289
2010-11-14,0.7327234
2010-11-21,0.7629178999999999
2010-11-28,0.7931123999999999
2010-12-05,0.8233069
2010-12-12,0.8251757
2010-12-19,0.8270445
2010-12-26,0.8289133
2011-01-02,0.8307821
2011-01-09,0.85542472
2011-01-16,0.88006734
2011-01-23,0.90470996
2011-01-30,0.92935258
2011-02-06,0.9539952
2011-02-13,0.99495365
2011-02-20,1.0359121
2011-02-27,1.07687055
2011-03-06,1.117829
2011-03-13,1.13336475
2011-03-20,1.1489004999999999
2011-03-27,1.16443625
2011-04-03,1.179972
2011-04-10,1.18755275
2011-04-17,1.1951334999999998
2011-04-24,1.2027142499999999
2011-05-01,1.210295
2011-05-08,1.2194517999999999
2011-05-15,1.2286085999999998
2011-05-22,1.2377654
2011-05-29,1.2469222
2011-06-05,1.256079
2011-06-12,1.26554675
2011-06-19,1.2750145
2011-06-26,1.28448225
2011-07-03,1.29395
2011-07-10,1.3250724999999999
2011-07-17,1.356195
2011-07-24,1.3873175
2011-07-31,1.41844
2011-08-07,1.4650404
2011-08-14,1.5116408
2011-08-21,1.5582411999999999
2011-08-28,1.6048416
2011-09-04,1.651442
2011-09-11,1.66896025
2011-09-18,1.6864785
2011-09-25,1.70399675
2011-10-02,1.721515
2011-10-09,1.7443807999999998
2011-10-16,1.7672466
2011-10-23,1.7901124
2011-10-30,1.8129782
2011-11-06,1.835844
2011-11-13,1.8357415000000001
2011-11-20,1.835639
2011-11-27,1.8355365
2011-12-04,1.835434
2011-12-11,1.887845
2011-12-18,1.9402560000000002
2011-12-25,1.9926670000000002
2012-01-01,2.045078
2012-01-08,2.0587326000000004
2012-01-15,2.0723872
2012-01-22,2.0860418000000003
2012-01-29,2.0996964
2012-02-05,2.113351
2012-02-12,2.08903325
2012-02-19,2.0647155
2012-02-26,2.0403977500000003
2012-03-04,2.01608
2012-03-11,2.04275975
2012-03-18,2.0694395
2012-03-25,2.09611925
2012-04-01,2.122799
2012-04-08,2.1365984
2012-04-15,2.1503978
2012-04-22,2.1641972000000003
2012-04-29,2.1779966
2012-05-06,2.191796
2012-05-13,2.19089775
2012-05-20,2.1899995
2012-05-27,2.18910125
2012-06-03,2.188203
2012-06-10,2.2008840000000003
2012-06-17,2.213565
2012-06-24,2.2262459999999997
2012-07-01,2.238927
2012-07-08,2.2432374
2012-07-15,2.2475478
2012-07-22,2.2518582
2012-07-29,2.2561686
2012-08-05,2.260479
2012-08-12,2.23812675
2012-08-19,2.2157745
2012-08-26,2.19342225
2012-09-02,2.17107
2012-09-09,2.18311575
2012-09-16,2.1951615
2012-09-23,2.20720725
2012-09-30,2.219253
2012-10-07,2.2167074
2012-10-14,2.2141618000000003
2012-10-21,2.2116162
2012-10-28,2.2090706
2012-11-04,2.206525
2012-11-11,2.203809
2012-11-18,2.201093
2012-11-25,2.198377
2012-12-02,2.195661
2012-12-09,2.1779542
2012-12-16,2.1602474
2012-12-23,2.1425406000000002
2012-12-30,2.1248338
2013-01-06,2.107127
2013-01-13,2.096829
2013-01-20,2.086531
2013-01-27,2.076233
2013-02-03,2.065935
2013-02-10,2.085372
2013-02-17,2.104809
2013-02-24,2.124246
2013-03-03,2.143683
2013-03-10,2.1319929999999996
2013-03-17,2.120303
2013-03-24,2.108613
2013-03-31,2.096923
2013-04-07,2.0639894
2013-04-14,2.0310558
2013-04-21,1.9981222
2013-04-28,1.9651886
2013-05-05,1.932255
2013-05-12,1.9254532500000001
2013-05-19,1.9186515000000002
2013-05-26,1.91184975
2013-06-02,1.905048
2013-06-09,1.8972975
2013-06-16,1.889547
2013-06-23,1.8817965
2013-06-30,1.874046
2013-07-07,1.8722956000000002
2013-07-14,1.8705452
2013-07-21,1.8687948
2013-07-28,1.8670444
2013-08-04,1.865294
2013-08-11,1.87690675
2013-08-18,1.8885195000000001
2013-08-25,1.90013225
2013-09-01,1.911745
2013-09-08,1.907037
2013-09-15,1.902329
2013-09-22,1.897621
2013-09-29,1.8929129999999998
2013-10-06,1.888205
2013-10-13,1.88282825
2013-10-20,1.8774514999999998
2013-10-27,1.87207475
2013-11-03,1.866698
2013-11-10,1.87276425
2013-11-17,1.8788304999999998
2013-11-24,1.88489675
2013-12-01,1.890963
2013-12-08,1.887246
2013-12-15,1.883529
2013-12-22,1.879812
2013-12-29,1.876095
2014-01-05,1.872378
2014-01-12,1.8597695
2014-01-19,1.847161
2014-01-26,1.8345525
2014-02-02,1.821944
2014-02-09,1.8137590000000001
2014-02-16,1.805574
2014-02-23,1.797389
2014-03-02,1.789204
2014-03-09,1.7956522
2014-03-16,1.8021004
2014-03-23,1.8085486
2014-03-30,1.8149968
2014-04-06,1.821445
2014-04-13,1.87251475
2014-04-20,1.9235845
2014-04-27,1.97465425
2014-05-04,2.025724
2014-05-11,2.0511725
2014-05-18,2.076621
2014-05-25,2.1020695
2014-06-01,2.127518
2014-06-08,2.1305592
2014-06-15,2.1336003999999997
2014-06-22,2.1366416
2014-06-29,2.1396827999999997
2014-07-06,2.142724
2014-07-13,2.13162275
2014-07-20,2.1205214999999997
2014-07-27,2.10942025
2014-08-03,2.098319
2014-08-10,2.0634935
2014-08-17,2.028668
2014-08-24,1.9938425
2014-08-31,1.959017
2014-09-07,1.9572476
2014-09-14,1.9554782
2014-09-21,1.9537088
2014-09-28,1.9519393999999999
2014-10-05,1.95017
2014-10-12,1.96299325
2014-10-19,1.9758165
2014-10-26,1.9886397500000002
2014-11-02,2.001463
2014-11-09,2.000884
2014-11-16,2.000305
2014-11-23,1.9997260000000001
2014-11-30,1.999147
2014-12-07,1.9915628
2014-12-14,1.9839786
2014-12-21,1.9763944
2014-12-28,1.9688101999999998
2015-01-04,1.961226
2015-01-11,1.9650107499999998
2015-01-18,1.9687955
2015-01-25,1.97258025
2015-02-01,1.976365
2015-02-08,1.975403
2015-02-15,1.9744410000000001
2015-02-22,1.973479
2015-03-01,1.972517
2015-03-08,1.9759348
2015-03-15,1.9793526000000001
2015-03-22,1.9827704
2015-03-29,1.9861882
2015-04-05,1.989606
2015-04-12,2.005632
2015-04-19,2.021658
2015-04-26,2.037684
2015-05-03,2.05371
2015-05-10,2.05442275
2015-05-17,2.0551355
2015-05-24,2.05584825
2015-05-31,2.056561
2015-06-07,2.0659951999999997
2015-06-14,2.0754294
2015-06-21,2.0848636
2015-06-28,2.0942978
2015-07-05,2.103732
2015-07-12,2.11041775
2015-07-19,2.1171035
2015-07-26,2.12378925
2015-08-02,2.130475
2015-08-09,2.1382214
2015-08-16,2.1459678
2015-08-23,2.1537142
2015-08-30,2.1614606000000003
2015-09-06,2.169207
2015-09-13,2.1940392500000003
2015-09-20,2.2188715
2015-09-27,2.24370375
2015-10-04,2.268536
2015-10-11,2.285275
2015-10-18,2.302014
2015-10-25,2.318753
2015-11-01,2.335492
2015-11-08,2.3473186
2015-11-15,2.3591452
2015-11-22,2.3709718
2015-11-29,2.3827984
2015-12-06,2.394625
2015-12-13,2.4053430000000002
2015-12-20,2.416061
2015-12-27,2.426779
2016-01-03,2.437497
2016-01-10,2.4433425
2016-01-17,2.449188
2016-01-24,2.4550335
2016-01-31,2.460879
2016-02-07,2.4763538
2016-02-14,2.4918286
2016-02-21,2.5073034
2016-02-28,2.5227782
2016-03-06,2.538253
2016-03-13,2.53524325
2016-03-20,2.5322335000000002
2016-03-27,2.52922375
2016-04-03,2.526214
2016-04-10,2.5275179999999997
2016-04-17,2.528822
2016-04-24,2.530126
2016-05-01,2.53143
2016-05-08,2.5382796
2016-05-15,2.5451292
2016-05-22,2.5519788
2016-05-29,2.5588284
2016-06-05,2.565678
2016-06-12,2.5651657500000002
2016-06-19,2.5646535000000004
2016-06-26,2.56414125
2016-07-03,2.563629
2016-07-10,2.5651355000000002
2016-07-17,2.566642
2016-07-24,2.5681485
2016-07-31,2.569655
2016-08-07,2.5989934
2016-08-14,2.6283317999999998
2016-08-21,2.6576702
2016-08-28,2.6870086
2016-09-04,2.716347
2016-09-11,2.69346
2016-09-18,2.670573
2016-09-25,2.6476859999999998
2016-10-02,2.624799
2016-10-09,2.6002928
2016-10-16,2.5757866
2016-10-23,2.5512804
2016-10-30,2.5267741999999997
2016-11-06,2.502268
2016-11-13,2.506342
2016-11-20,2.510416
2016-11-27,2.51449
2016-12-04,2.518564
2016-12-11,2.5352445
2016-12-18,2.5519249999999998
2016-12-25,2.5686055
2017-01-01,2.585286
2017-01-08,2.5985766
2017-01-15,2.6118672
2017-01-22,2.6251578
2017-01-29,2.6384484
2017-02-05,2.651739
2017-02-12,2.65494575
2017-02-19,2.6581525
2017-02-26,2.6613592500000003
2017-03-05,2.664566
2017-03-12,2.607571
2017-03-19,2.5505760000000004
2017-03-26,2.4935810000000003
2017-04-02,2.436586
2017-04-09,2.3863575
2017-04-16,2.336129
2017-04-23,2.2859005000000003
2017-04-30,2.235672
2017-05-07,2.2164644
2017-05-14,2.1972568
2017-05-21,2.1780492000000002
2017-05-28,2.1588416
2017-06-04,2.139634
2017-06-11,2.1352527500000003
2017-06-18,2.1308715
2017-06-25,2.12649025
2017-07-02,2.122109
2017-07-09,2.1240426
2017-07-16,2.1259762
2017-07-23,2.1279098
2017-07-30,2.1298434
2017-08-06,2.131777
2017-08-13,2.1175945
2017-08-20,2.103412
2017-08-27,2.0892295
2017-09-03,2.075047
2017-09-10,2.07912375
2017-09-17,2.0832005000000002
2017-09-24,2.08727725
2017-10-01,2.091354
2017-10-08,2.1085994
2017-10-15,2.1258448
2017-10-22,2.1430902
2017-10-29,2.1603356
2017-11-05,2.177581
2017-11-12,2.1581365
2017-11-19,2.138692
2017-11-26,2.1192475
2017-12-03,2.099803
2017-12-10,2.1041487500000002
2017-12-17,2.1084945
2017-12-24,2.1128402499999996
2017-12-31,2.117186
2018-01-07,2.1253134
2018-01-14,2.1334408
2018-01-21,2.1415682
2018-01-28,2.1496956
2018-02-04,2.157823
2018-02-11,2.1491425
2018-02-18,2.1404620000000003
2018-02-25,2.1317815
2018-03-04,2.123101
2018-03-11,2.184057
2018-03-18,2.245013
2018-03-25,2.305969
2018-04-01,2.366925
2018-04-08,2.3918584000000003
2018-04-15,2.4167918
2018-04-22,2.4417252
2018-04-29,2.4666585999999997
2018-05-06,2.491592
2018-05-13,2.5044969999999998
2018-05-20,2.5174019999999997
2018-05-27,2.530307
2018-06-03,2.543212
2018-06-10,2.54538325
2018-06-17,2.5475545
2018-06-24,2.54972575
2018-07-01,2.551897
2018-07-08,2.5452681999999998
2018-07-15,2.5386393999999997
2018-07-22,2.5320106
2018-07-29,2.5253818
2018-08-05,2.518753
2018-08-12,2.4971755
2018-08-19,2.4755979999999997
2018-08-26,2.4540205
2018-09-02,2.432443
2018-09-09,2.4400525
2018-09-16,2.4476620000000002
2018-09-23,2.4552715
2018-09-30,2.462881
2018-10-07,2.4533519999999998
2018-10-14,2.443823
2018-10-21,2.434294
2018-10-28,2.4247650000000003
2018-11-04,2.415236
2018-11-11,2.4305315
2018-11-18,2.445827
2018-11-25,2.4611225
2018-12-02,2.476418
2018-12-09,2.472369
2018-12-16,2.46832
2018-12-23,2.464271
2018-12-30,2.460222
2019-01-06,2.456173
2019-01-13,2.4358932500000003
2019-01-20,2.4156135
2019-01-27,2.39533375
2019-02-03,2.375054
2019-02-10,2.3752762499999998
2019-02-17,2.3754985
2019-02-24,2.37572075
2019-03-03,2.375943
2019-03-10,2.3711937499999998
2019-03-17,2.3664445
2019-03-24,2.3616952500000004
2019-03-31,2.356946
2019-04-07,2.3641114
2019-04-14,2.3712768
2019-04-21,2.3784422000000003
2019-04-28,2.3856076
2019-05-05,2.392773
2019-05-12,2.3848055
2019-05-19,2.3768380000000002
2019-05-26,2.3688705
2019-06-02,2.360903
2019-06-09,2.3688265
2019-06-16,2.37675
2019-06-23,2.3846735
2019-06-30,2.392597
2019-07-07,2.4092621999999997
2019-07-14,2.4259274
2019-07-21,2.4425926
2019-07-28,2.4592578
2019-08-04,2.475923
2019-08-11,2.51454175
2019-08-18,2.5531604999999997
2019-08-25,2.59177925
2019-09-01,2.630398
2019-09-08,2.6289052
2019-09-15,2.6274124
2019-09-22,2.6259196
2019-09-29,2.6244267999999997
2019-10-06,2.622934
2019-10-13,2.6540995
2019-10-20,2.6852650000000002
2019-10-27,2.7164305
2019-11-03,2.747596
2019-11-10,2.75370225
2019-11-17,2.7598085
2019-11-24,2.7659147500000003
2019-12-01,2.772021
2019-12-08,2.7681386
2019-12-15,2.7642562
2019-12-22,2.7603738
2019-12-29,2.7564914000000003
2020-01-05,2.752609
2020-01-12,2.76207775
2020-01-19,2.7715465000000004
2020-01-26,2.7810152500000003
2020-02-02,2.790484
2020-02-09,2.7928882500000003
2020-02-16,2.7952925000000004
2020-02-23,2.79769675
2020-03-01,2.800101
2020-03-08,2.7613914
2020-03-15,2.7226818
2020-03-22,2.6839722
2020-03-29,2.6452626
2020-04-05,2.606553
2020-04-12,2.4997455
2020-04-19,2.392938
2020-04-26,2.2861305
2020-05-03,2.179323
2020-05-10,2.13802725
2020-05-17,2.0967314999999997
2020-05-24,2.05543575
2020-05-31,2.01414
2020-06-07,2.0100208
2020-06-14,2.0059016
2020-06-21,2.0017823999999997
2020-06-28,1.9976631999999999
2020-07-05,1.993544
2020-07-12,2.06547875
2020-07-19,2.1374135
2020-07-26,2.20934825
2020-08-02,2.281283
2020-08-09,2.2676562000000002
2020-08-16,2.2540294000000003
2020-08-23,2.2404026
2020-08-30,2.2267758
2020-09-06,2.213149
2020-09-13,2.1549325
2020-09-20,2.096716
2020-09-27,2.0384995
2020-10-04,1.980283
2020-10-11,1.9220380000000001
2020-10-18,1.863793
2020-10-25,1.805548
2020-11-01,1.747303
2020-11-08,1.7373588
2020-11-15,1.7274146
2020-11-22,1.7174704
2020-11-29,1.7075262
2020-12-06,1.697582
2020-12-13,1.67335425
2020-12-20,1.6491265
2020-12-27,1.6248987499999998
2021-01-03,1.600671
2021-01-10,1.5506455
2021-01-17,1.50062
2021-01-24,1.4505945
2021-01-31,1.400569
2021-02-07,1.4017074999999999
2021-02-14,1.4028459999999998
2021-02-21,1.4039845
2021-02-28,1.405123
2021-03-07,1.4425716
2021-03-14,1.4800202
2021-03-21,1.5174687999999998
2021-03-28,1.5549174
2021-04-04,1.592366
2021-04-11,1.74662275
2021-04-18,1.9008794999999998
2021-04-25,2.05513625
2021-05-02,2.209393
2021-05-09,2.2800794
2021-05-16,2.3507658
2021-05-23,2.4214522
2021-05-30,2.4921386
2021-06-06,2.562825
2021-06-13,2.561655
2021-06-20,2.560485
2021-06-27,2.5593150000000002
2021-07-04,2.558145
2021-07-11,2.499508
2021-07-18,2.440871
2021-07-25,2.382234
2021-08-01,2.323597
2021-08-08,2.3253614
2021-08-15,2.3271257999999997
2021-08-22,2.3288902
2021-08-29,2.3306546
2021-09-05,2.332419
2021-09-12,2.4019797499999997
2021-09-19,2.4715404999999997
2021-09-26,2.54110125
2021-10-03,2.610662
2021-10-10,2.7098975000000003
2021-10-17,2.809133
2021-10-24,2.9083685
2021-10-31,3.007604
2021-11-07,3.0429600000000003
2021-11-14,3.078316
2021-11-21,3.113672
2021-11-28,3.149028
2021-12-05,3.184384
2021-12-12,3.2524025
2021-12-19,3.320421
2021-12-26,3.3884395
2022-01-02,3.456458
2022-01-09,3.558266
2022-01-16,3.6600740000000003
2022-01-23,3.761882
2022-01-30,3.86369
2022-02-06,3.965498
2022-02-13,4.0441995
2022-02-20,4.122901000000001
2022-02-27,4.2016025
2022-03-06,4.280304
2022-03-13,4.343814
2022-03-20,4.407324
2022-03-27,4.470834
2022-04-03,4.534344
2022-04-10,4.57674175
2022-04-17,4.6191395
2022-04-24,4.66153725
2022-05-01,4.703935
2022-05-08,4.7533428
2022-05-15,4.8027506
2022-05-22,4.8521584
2022-05-29,4.9015662
2022-06-05,4.950974
2022-06-12,5.0623130000000005
2022-06-19,5.173652000000001
2022-06-26,5.284991
2022-07-03,5.39633
2022-07-10,5.444929999999999
2022-07-17,5.49353
2022-07-24,5.54213
2022-07-31,5.59073
2022-08-07,5.662846399999999
2022-08-14,5.7349628
2022-08-21,5.8070791999999996
2022-08-28,5.8791956
2022-09-04,5.951312
2022-09-11,6.05048825
2022-09-18,6.1496645
2022-09-25,6.248840749999999
2022-10-02,6.348017
2022-10-09,6.3410028
2022-10-16,6.3339886
2022-10-23,6.3269744
2022-10-30,6.3199602
2022-11-06,6.312946
2022-11-13,6.34034525
2022-11-20,6.367744500000001
2022-11-27,6.39514375
2022-12-04,6.422543
2022-12-11,6.451449
2022-12-18,6.480354999999999
2022-12-25,6.5092609999999995
2023-01-01,6.538167
2023-01-08,6.5280444
2023-01-15,6.5179218
2023-01-22,6.5077992
2023-01-29,6.4976766
2023-02-05,6.487554
2023-02-12,6.4969155
2023-02-19,6.506277000000001
2023-02-26,6.5156385000000006
2023-03-05,6.525
2023-03-12,6.491486500000001
2023-03-19,6.457973
2023-03-26,6.424459499999999
2023-04-02,6.390946
2023-04-09,6.359265499999999
2023-04-16,6.327584999999999
2023-04-23,6.2959045
2023-04-30,6.264224
2023-05-07,6.2064302
2023-05-14,6.1486364
2023-05-21,6.090842599999999
2023-05-28,6.0330487999999995
2023-06-04,5.975255
2023-06-11,5.87811225
2023-06-18,5.780969499999999
2023-06-25,5.68382675
2023-07-02,5.586684
2023-07-09,5.5504974
2023-07-16,5.5143108000000005
2023-07-23,5.4781242
2023-07-30,5.4419376
2023-08-06,5.405751
2023-08-13,5.3473695
2023-08-20,5.288988
2023-08-27,5.2306065
2023-09-03,5.172225
2023-09-10,5.11911125
2023-09-17,5.0659975
2023-09-24,5.01288375
2023-10-01,4.95977
2023-10-08,4.9444016
2023-10-15,4.9290332
2023-10-22,4.913664799999999
2023-10-29,4.8982963999999996
2023-11-05,4.882928
2023-11-12,4.83426925
2023-11-19,4.7856105
2023-11-26,4.736951749999999
2023-12-03,4.688293
2023-12-10,4.65481875
2023-12-17,4.621344499999999
2023-12-24,4.58787025
2023-12-31,4.554396
2024-01-07,4.5643012734
2024-01-14,4.5742065468
2024-01-21,4.5841118201999995
2024-01-28,4.5940170936
2024-02-04,4.603922367
2024-02-11,4.55371737475
2024-02-18,4.5035123825
2024-02-25,4.45330739025
2024-03-03,4.403102398
2024-03-10,4.429629922
2024-03-17,4.456157446
2024-03-24,4.482684969999999
2024-03-31,4.509212494
